<wpml-config>
    <admin-texts>
        <key name='theme_mods_sumerian'>
            <key name='sumerian_hide_sitetitle' />
            <key name='sumerian_hide_tagline' />
            <key name='sumerian_sticky_header_disable' />
            <key name='sumerian_animation_disable' />
            <key name='sumerian_btt_disable' />
            <key name='sumerian_footer_bg' />
            <key name='sumerian_footer_info_bg' />
            <key name='sumerian_header_bg_color' />
            <key name='sumerian_logo_text_color' />
            <key name='sumerian_menu_color' />
            <key name='sumerian_menu_hover_color' />
            <key name='sumerian_menu_hover_bg_color' />
            <key name='sumerian_menu_toggle_button_color' />
            <key name='sumerian_vertical_align_menu' />
            <key name='sumerian_header_transparent' />
            <key name='sumerian_social_disable' />
            <key name='sumerian_social_footer_guide' />
            <key name='sumerian_social_footer_title' />
            <key name='sumerian_social_profiles' />
            <key name='sumerian_newsletter_disable' />
            <key name='sumerian_newsletter_title' />
            <key name='sumerian_newsletter_mailchimp' />
            <key name='sumerian_hero_option_animation' />
            <key name='sumerian_hero_option_speed' />
            <key name='sumerian_custom_css' />
            <key name='sumerian_hero_disable' />
            <key name='sumerian_hero_id' />
            <key name='sumerian_hero_fullscreen' />
            <key name='sumerian_hero_pdtop' />
            <key name='sumerian_hero_pdbotom' />
            <key name='sumerian_hero_layout' />
            <key name='sumerian_hcl1_largetext' />
            <key name='sumerian_hcl1_smalltext' />
            <key name='sumerian_hcl1_btn1_text' />
            <key name='sumerian_hcl1_btn1_link' />
            <key name='sumerian_hcl1_btn1_style' />
            <key name='sumerian_hcl1_btn2_text' />
            <key name='sumerian_hcl1_btn2_link' />
            <key name='sumerian_hcl1_btn2_style' />
            <key name='sumerian_hcl2_content' />
            <key name='sumerian_hcl2_image' />
            <key name='sumerian_videolightbox_id' />
            <key name='sumerian_videolightbox_title' />
            <key name='sumerian_videolightbox_url' />
            <key name='sumerian_about_id' />
            <key name='sumerian_about_title' />
            <key name='sumerian_about_subtitle' />
            <key name='sumerian_about_desc' />
            <key name='sumerian_about_boxes' />
            <key name='sumerian_features_id' />
            <key name='sumerian_features_title' />
            <key name='sumerian_features_subtitle' />
            <key name='sumerian_features_desc' />
            <key name='sumerian_features_layout' />
            <key name='sumerian_features_boxes' />
            <key name='sumerian_about_content_source' />
            <key name='sumerian_services_id' />
            <key name='sumerian_services_title' />
            <key name='sumerian_services_subtitle' />
            <key name='sumerian_services_desc' />
            <key name='sumerian_service_layout' />
            <key name='sumerian_services' />
            <key name='sumerian_counter_id' />
            <key name='sumerian_counter_title' />
            <key name='sumerian_counter_subtitle' />
            <key name='sumerian_counter_desc' />
            <key name='sumerian_counter_boxes' />
            <key name='sumerian_team_id' />
            <key name='sumerian_team_title' />
            <key name='sumerian_team_subtitle' />
            <key name='sumerian_team_desc' />
            <key name='sumerian_team_layout' />
            <key name='sumerian_news_id' />
            <key name='sumerian_news_title' />
            <key name='sumerian_news_subtitle' />
            <key name='sumerian_news_desc' />
            <key name='sumerian_news_settings_hr' />
            <key name='sumerian_news_number' />
            <key name='sumerian_news_more_link' />
            <key name='sumerian_news_more_text' />
            <key name='sumerian_contact_id' />
            <key name='sumerian_contact_title' />
            <key name='sumerian_contact_subtitle' />
            <key name='sumerian_contact_desc' />
            <key name='sumerian_contact_cf7_guide' />
            <key name='sumerian_contact_cf7' />
            <key name='sumerian_contact_cf7_disable' />
            <key name='sumerian_contact_text' />
            <key name='sumerian_contact_text_hr' />
            <key name='sumerian_contact_address_title' />
            <key name='sumerian_contact_address' />
            <key name='sumerian_contact_phone' />
            <key name='sumerian_contact_email' />
            <key name='sumerian_contact_fax' />
            <key name='sumerian_footer_copyright_text' />
            <key name='sumerian_hide_author_link' />
            <key name='sumerian_typo_p' />
            <key name='sumerian_typo_menu' />
            <key name='sumerian_typo_heading' />
            <key name='sumerian_team_members' />
            <key name='sumerian_section_order_styling' />
            <key name='sumerian_testimonial_id' />
            <key name='sumerian_testimonial_title' />
            <key name='sumerian_testimonial_subtitle' />
            <key name='sumerian_testimonial_desc' />
            <key name='sumerian_testimonial_boxes' />
            <key name='sumerian_map_id' />
            <key name='sumerian_map_lat' />
            <key name='sumerian_map_long' />
            <key name='sumerian_map_address' />
            <key name='sumerian_map_html' />
            <key name='sumerian_map_items_address' />
            <key name='sumerian_map_color' />
            <key name='sumerian_map_maker' />
            <key name='sumerian_map_zoom' />
            <key name='sumerian_map_height' />
            <key name='sumerian_map_scrollwheel' />
            <key name='sumerian_map_enable_api' />
            <key name='sumerian_map_api_key' />
            <key name='sumerian_projects_id' />
            <key name='sumerian_projects_title' />
            <key name='sumerian_projects_subtitle' />
            <key name='sumerian_projects_desc' />
            <key name='sumerian_projects_number' />
            <key name='sumerian_projects_orderby' />
            <key name='sumerian_projects_order' />
            <key name='sumerian_project_slug' />
            <key name='sumerian_project_ajax' />
            <key name='sumerian_pricing_id' />
            <key name='sumerian_pricing_title' />
            <key name='sumerian_pricing_subtitle' />
            <key name='sumerian_pricing_desc' />
            <key name='sumerian_pricing_plans' />
            <key name='sumerian_cta_id' />
            <key name='sumerian_cta_title' />
            <key name='sumerian_cta_btn_label' />
            <key name='sumerian_cta_btn_link' />
            <key name='sumerian_clients_id' />
            <key name='sumerian_clients_title' />
            <key name='sumerian_clients_subtitle' />
            <key name='sumerian_clients_layout' />
            <key name='sumerian_clients_desc' />
            <key name='sumerian_clients' />

            <key name='sumerian_hero_images' />
            <key name='sumerian_hero_parallax' />
            <key name='sumerian_hero_video_mp4' />
            <key name='sumerian_hero_video_webm' />
            <key name='sumerian_hero_video_ogv' />
            <key name='sumerian_hero_mobile_img' />
            <key name='sumerian_hero_overlay_color' />

            <key name='sumerian_gallery_title' />
            <key name='sumerian_gallery_subtitle' />
            <key name='sumerian_gallery_desc' />
            <key name='sumerian_gallery_source_page' />
            <key name='sumerian_gallery_desc' />

        </key>
    </admin-texts>
</wpml-config>
